{"inputUnits":[99],"outputUnits":5,"inputs":{"kp 0 x":{"dtype":"number","min":-0.72141993,"max":0.74350512},"kp 0 y":{"dtype":"number","min":-0.713578463,"max":0.634129882},"kp 0 z":{"dtype":"number","min":-0.75132066,"max":0.26398468},"kp 1 x":{"dtype":"number","min":-0.712556303,"max":0.727922082},"kp 1 y":{"dtype":"number","min":-0.703600109,"max":0.642470479},"kp 1 z":{"dtype":"number","min":-0.78018266,"max":0.232792377},"kp 2 x":{"dtype":"number","min":-0.715007544,"max":0.73210007},"kp 2 y":{"dtype":"number","min":-0.705528796,"max":0.646647334},"kp 2 z":{"dtype":"number","min":-0.754127204,"max":0.246536523},"kp 3 x":{"dtype":"number","min":-0.715687275,"max":0.731691658},"kp 3 y":{"dtype":"number","min":-0.706127822,"max":0.646434963},"kp 3 z":{"dtype":"number","min":-0.759314775,"max":0.237987608},"kp 4 x":{"dtype":"number","min":-0.736497641,"max":0.742814839},"kp 4 y":{"dtype":"number","min":-0.718746364,"max":0.651516557},"kp 4 z":{"dtype":"number","min":-0.796383381,"max":0.218096539},"kp 5 x":{"dtype":"number","min":-0.734182894,"max":0.742703676},"kp 5 y":{"dtype":"number","min":-0.717278481,"max":0.649832189},"kp 5 z":{"dtype":"number","min":-0.795996189,"max":0.20695886},"kp 6 x":{"dtype":"number","min":-0.722007692,"max":0.730193675},"kp 6 y":{"dtype":"number","min":-0.703388631,"max":0.63828826},"kp 6 z":{"dtype":"number","min":-0.771942914,"max":0.227243677},"kp 7 x":{"dtype":"number","min":-0.638283908,"max":0.669133544},"kp 7 y":{"dtype":"number","min":-0.664841831,"max":0.597077727},"kp 7 z":{"dtype":"number","min":-0.686703861,"max":0.256814778},"kp 8 x":{"dtype":"number","min":-0.619143546,"max":0.637363434},"kp 8 y":{"dtype":"number","min":-0.633567452,"max":0.535496354},"kp 8 z":{"dtype":"number","min":-0.70528847,"max":0.229937121},"kp 9 x":{"dtype":"number","min":-0.680899143,"max":0.705775619},"kp 9 y":{"dtype":"number","min":-0.677681208,"max":0.608956814},"kp 9 z":{"dtype":"number","min":-0.702923119,"max":0.242997974},"kp 10 x":{"dtype":"number","min":-0.661415577,"max":0.683136761},"kp 10 y":{"dtype":"number","min":-0.642468512,"max":0.569111586},"kp 10 z":{"dtype":"number","min":-0.718649447,"max":0.211813971},"kp 11 x":{"dtype":"number","min":-0.512947977,"max":0.55688864},"kp 11 y":{"dtype":"number","min":-0.563973546,"max":0.5121333},"kp 11 z":{"dtype":"number","min":-0.535905659,"max":0.318775058},"kp 12 x":{"dtype":"number","min":-0.585700691,"max":0.617234886},"kp 12 y":{"dtype":"number","min":-0.616301239,"max":0.549905121},"kp 12 z":{"dtype":"number","min":-0.487821996,"max":0.312773973},"kp 13 x":{"dtype":"number","min":-0.767741501,"max":0.780094385},"kp 13 y":{"dtype":"number","min":-0.814481914,"max":0.728853226},"kp 13 z":{"dtype":"number","min":-0.702739894,"max":0.328138679},"kp 14 x":{"dtype":"number","min":-0.762747109,"max":0.706338108},"kp 14 y":{"dtype":"number","min":-0.809159756,"max":0.723038793},"kp 14 z":{"dtype":"number","min":-0.556127906,"max":0.347473145},"kp 15 x":{"dtype":"number","min":-0.996403158,"max":0.960168779},"kp 15 y":{"dtype":"number","min":-1.048462749,"max":0.906488419},"kp 15 z":{"dtype":"number","min":-0.805252671,"max":0.536730707},"kp 16 x":{"dtype":"number","min":-1.021319866,"max":0.940437794},"kp 16 y":{"dtype":"number","min":-1.053599477,"max":0.960949361},"kp 16 z":{"dtype":"number","min":-0.647941768,"max":0.437516689},"kp 17 x":{"dtype":"number","min":-1.065639853,"max":1.035032153},"kp 17 y":{"dtype":"number","min":-1.119445562,"max":0.974292934},"kp 17 z":{"dtype":"number","min":-0.829742908,"max":0.600513041},"kp 18 x":{"dtype":"number","min":-1.09239614,"max":1.022988439},"kp 18 y":{"dtype":"number","min":-1.117869496,"max":1.046114922},"kp 18 z":{"dtype":"number","min":-0.721719086,"max":0.438912213},"kp 19 x":{"dtype":"number","min":-1.074079752,"max":1.041614056},"kp 19 y":{"dtype":"number","min":-1.126947284,"max":0.983915091},"kp 19 z":{"dtype":"number","min":-0.837034464,"max":0.582928956},"kp 20 x":{"dtype":"number","min":-1.128095984,"max":1.065539956},"kp 20 y":{"dtype":"number","min":-1.157662392,"max":1.053454399},"kp 20 z":{"dtype":"number","min":-0.732390583,"max":0.429601043},"kp 21 x":{"dtype":"number","min":-0.993182361,"max":0.956635416},"kp 21 y":{"dtype":"number","min":-1.047277808,"max":0.90401417},"kp 21 z":{"dtype":"number","min":-0.80379343,"max":0.534836948},"kp 22 x":{"dtype":"number","min":-1.051225424,"max":0.975617588},"kp 22 y":{"dtype":"number","min":-1.079664469,"max":0.987589598},"kp 22 z":{"dtype":"number","min":-0.663657784,"max":0.424186826},"kp 23 x":{"dtype":"number","min":-0.135075003,"max":0.127293885},"kp 23 y":{"dtype":"number","min":-0.103296764,"max":0.101885118},"kp 23 z":{"dtype":"number","min":-0.082389317,"max":0.124646388},"kp 24 x":{"dtype":"number","min":-0.130246252,"max":0.136511758},"kp 24 y":{"dtype":"number","min":-0.101312391,"max":0.098174468},"kp 24 z":{"dtype":"number","min":-0.122883268,"max":0.084007397},"kp 25 x":{"dtype":"number","min":-0.470730364,"max":0.528065979},"kp 25 y":{"dtype":"number","min":-0.468780726,"max":0.4467161},"kp 25 z":{"dtype":"number","min":-0.399538636,"max":0.369399756},"kp 26 x":{"dtype":"number","min":-0.477611184,"max":0.558227301},"kp 26 y":{"dtype":"number","min":-0.441626728,"max":0.433322936},"kp 26 z":{"dtype":"number","min":-0.354941487,"max":0.361369133},"kp 27 x":{"dtype":"number","min":-0.830173135,"max":0.82513994},"kp 27 y":{"dtype":"number","min":-0.850546002,"max":0.801995635},"kp 27 z":{"dtype":"number","min":-0.45089817,"max":0.705002308},"kp 28 x":{"dtype":"number","min":-0.839648128,"max":0.794296682},"kp 28 y":{"dtype":"number","min":-0.847322762,"max":0.809876144},"kp 28 z":{"dtype":"number","min":-0.522801578,"max":0.677395582},"kp 29 x":{"dtype":"number","min":-0.872126222,"max":0.855471194},"kp 29 y":{"dtype":"number","min":-0.880687952,"max":0.839601755},"kp 29 z":{"dtype":"number","min":-0.452352643,"max":0.750798941},"kp 30 x":{"dtype":"number","min":-0.877192795,"max":0.824926436},"kp 30 y":{"dtype":"number","min":-0.897408962,"max":0.856586277},"kp 30 z":{"dtype":"number","min":-0.572962582,"max":0.675073981},"kp 31 x":{"dtype":"number","min":-0.904866219,"max":0.942086041},"kp 31 y":{"dtype":"number","min":-0.964033306,"max":0.920801044},"kp 31 z":{"dtype":"number","min":-0.520278692,"max":0.743296027},"kp 32 x":{"dtype":"number","min":-0.855900168,"max":0.880067706},"kp 32 y":{"dtype":"number","min":-0.963230193,"max":0.916601181},"kp 32 z":{"dtype":"number","min":-0.603994787,"max":0.726544559}},"outputs":{"pose":{"dtype":"string","min":0,"max":1,"uniqueValues":["downdog","goddess","plank","tree","warrior2"],"legend":{"downdog":[1,0,0,0,0],"goddess":[0,1,0,0,0],"plank":[0,0,1,0,0],"tree":[0,0,0,1,0],"warrior2":[0,0,0,0,1]}}},"isNormalized":true}